IC/JC코드,IC/JC명,노선코드,노선명,경도,위도
0010I00001,구서IC,0010,경부선,129.09762,35.25071
0010I00003,양산IC,0010,경부선,129.053314,35.378218
0010I00004,통도사IC,0010,경부선,129.097021,35.498747
0010I00005,서울산IC,0010,경부선,129.126636,35.553861
0010I00008,경주IC,0010,경부선,129.187987,35.806331
0010I00009,건천IC,0010,경부선,129.087849,35.843278
0010I00010,영천IC,0010,경부선,128.95146,35.92238
0010I00011,경산IC,0010,경부선,128.788225,35.878149
0010I00013,북대구IC,0010,경부선,128.579858,35.906979
0010I00016,남구미IC,0010,경부선,128.370149,36.068138
0010I00017,구미IC,0010,경부선,128.362376,36.107744
0010I00019,김천IC,0010,경부선,128.094609,36.13379
0010I00020,추풍령IC,0010,경부선,128.00169,36.200379
0010I00021,황간IC,0010,경부선,127.908085,36.220617
0010I00022,영동IC,0010,경부선,127.834783,36.270274
0010I00023,금강IC,0010,경부선,127.673348,36.279278
0010I00024,옥천IC,0010,경부선,127.559532,36.317789
0010I00026,대전IC,0010,경부선,127.452377,36.364235
0010I00028,신탄진IC,0010,경부선,127.420961,36.4408
0010I00029,남청주IC,0010,경부선,127.432157,36.534315
0010I00031,청주IC,0010,경부선,127.385014,36.626784
0010I00032,목천IC,0010,경부선,127.219247,36.75879
0010I00034,천안IC,0010,경부선,127.171309,36.826284
0010I00035,안성IC,0010,경부선,127.156069,36.994219
0010I00037,오산IC,0010,경부선,127.086371,37.142691
0010I00038,기흥IC,0010,경부선,127.102657,37.223075
0010I00039,수원신갈IC,0010,경부선,127.105614,37.266266
0010I00043,대왕판교IC,0010,경부선,127.091972,37.409462
0010I00045,양재IC,0010,경부선,127.042014,37.463229
0010I00049,왜관IC,0010,경부선,128.43469,35.977351
0010I00053,영천IC,0010,경부선,128.950876,35.920798
0010I00054,판교IC,0010,경부선,127.101818,37.397562
0010I00057,노포IC,0010,경부선,129.10072,35.285107
0010I00058,김천IC,0010,경부선,128.09453,36.135315
0010I00059,추풍령IC,0010,경부선,128.004895,36.199818
0010I00063,칠곡물류IC,0010,경부선,128.457305,35.956801
0010I00066,기흥동탄IC,0010,경부선,127.099472,37.216953
0010I00089,동김천IC,0010,경부선,128.17756,36.134976
0010I00092,북천안IC,0010,경부선,127.191351,36.897397
0010J00002,양산JCT,0010,경부선,129.043523,35.331863
0010J00006,언양JCT,0010,경부선,129.13001,35.566669
0010J00025,비룡JCT,0010,경부선,127.48177,36.346318
0010J00027,회덕JCT,0010,경부선,127.421007,36.405272
0010J00030,남이JCT,0010,경부선,127.422204,36.598011
0010J00033,천안JCT,0010,경부선,127.182262,36.769703
0010J00036,안성JCT,0010,경부선,127.140366,37.038514
0010J00040,신갈JCT,0010,경부선,127.10478,37.291807
0010J00042,판교JCT,0010,경부선,127.094529,37.40587
0010J90059,동대구JCT,0010,경부선,128.694347,35.887474
1900003829,영천JCT,0010,경부선,129.006724,35.920645
1900003990,구서IC,0010,경부선,129.099172,35.250426
1900003992,활천IC,0010,경부선,129.19018,35.711867
1900004109,활천 나들목IC,0010,경부선,129.192602,35.712424
1900004129,언양 분기점JCT,0010,경부선,129.131398,35.567444
1900004169,금토JCT,0010,경부선,127.085428,37.41547
1900004170,옥산하이패스IC,0010,경부선,127.372626,36.656813
1900004769,북구미IC,0010,경부선,128.302709,36.143558
1900004829,남사진위IC,0010,경부선,127.116617,37.106594
4000J00001,동탄JCT,0010,경부선,127.09599,37.17782
0101I00082,서영암IC,0101,남해선(영암순천),126.530841,34.75431
0101I00083,강진무위사IC,0101,남해선(영암순천),126.7173,34.698139
0101I00084,장흥IC,0101,남해선(영암순천),126.90619,34.70819
0101I00085,보성IC,0101,남해선(영암순천),127.10723,34.813939
0101I00086,벌교IC,0101,남해선(영암순천),127.29844,34.83491
0101I00087,순천만IC,0101,남해선(영암순천),127.48089,34.89736
0101I00088,학산IC,0101,남해선(영암순천),126.574528,34.736691
0101I00090,고흥IC,0101,남해선(영암순천),127.342841,34.826999
0101I00091,도롱IC,0101,남해선(영암순천),127.528668,34.905184
1900003830,장흥IC,0101,남해선(영암순천),126.907282,34.707695
1900003831,보성IC,0101,남해선(영암순천),127.103739,34.813151
1900003832,벌교IC,0101,남해선(영암순천),127.298311,34.833615
1900003833,순천만IC,0101,남해선(영암순천),127.481543,34.896622
0100I00001,서순천IC,0102,남해선(순천부산),127.483442,35.003848
0100I00002,순천IC,0102,남해선(순천부산),127.51682,34.988389
0100I00003,광양IC,0102,남해선(순천부산),127.605036,34.973735
0100I00004,동광양IC,0102,남해선(순천부산),127.659759,34.964335
0100I00005,옥곡IC,0102,남해선(순천부산),127.709739,34.986858
0100I00006,진월IC,0102,남해선(순천부산),127.750463,34.981291
0100I00008,진교IC,0102,남해선(순천부산),127.906129,35.040839
0100I00009,곤양IC,0102,남해선(순천부산),127.966751,35.057962
0100I00010,축동IC,0102,남해선(순천부산),128.042932,35.087315
0100I00011,사천IC,0102,남해선(순천부산),128.092716,35.117428
0100I00013,진주IC,0102,남해선(순천부산),128.125153,35.163719
0100I00014,문산IC,0102,남해선(순천부산),128.160084,35.173117
0100I00015,진성IC,0102,남해선(순천부산),128.227143,35.192444
0100I00016,지수IC,0102,남해선(순천부산),128.272933,35.226255
0100I00017,군북IC,0102,남해선(순천부산),128.327618,35.282173
0100I00018,장지IC,0102,남해선(순천부산),128.350507,35.293034
0100I00019,함안IC,0102,남해선(순천부산),128.392481,35.289477
0100I00025,동창원IC,0102,남해선(순천부산),128.699389,35.280124
0100I00026,진례IC,0102,남해선(순천부산),128.75648,35.260323
0100I00028,서김해IC,0102,남해선(순천부산),128.847577,35.221467
0100I00029,동김해IC,0102,남해선(순천부산),128.906,35.224869
0100I00031,하동IC,0102,남해선(순천부산),127.815999,35.004424
0100I00033,영암IC,0102,남해선(순천부산),126.586573,34.732198
0100I00041,동김해IC,0102,남해선(순천부산),128.897534,35.226192
0100I00042,물금IC,0102,남해선(순천부산),129.01145,35.3078
0100J00012,진주JCT,0102,남해선(순천부산),128.098089,35.13816
0100J00020,산인JCT,0102,남해선(순천부산),128.48083,35.2724
0100J00024,창원JCT,0102,남해선(순천부산),128.64123,35.27514
0100J00027,냉정JCT,0102,남해선(순천부산),128.794664,35.22148
0550J00001,대저JCT,0102,남해선(순천부산),128.976204,35.220943
1020I00003,북창원IC,0102,남해선(순천부산),128.607203,35.287106
1020J00002,칠원JCT,0102,남해선(순천부산),128.51051,35.2834
1900003972,칠원JCT,0102,남해선(순천부산),128.51211,35.28431
1900004830,서함양하이패스IC,0120,"광주대구선,무안광주선",127.710808,35.544174
0120I00020,무안공항IC,0121,무안광주선,126.390487,35.003671
0120I00021,북무안IC,0121,무안광주선,126.435812,35.01425
0120I00023,나주IC,0121,무안광주선,126.695496,35.103306
0120I00035,문평IC,0121,무안광주선,126.597922,35.068208
0120I00036,동함평IC,0121,무안광주선,126.545062,35.051868
0120J00022,함평JCT,0121,무안광주선,126.487202,35.03168
0121I00002,운수IC,0121,무안광주선,126.780425,35.159772
0121I00080,서광산IC,0121,무안광주선,126.734146,35.118296
0120I00003,순창IC,0122,광주대구선,127.146419,35.36268
0120I00004,남원IC,0122,광주대구선,127.39662,35.43112
0120I00006,지리산IC,0122,광주대구선,127.58796,35.4845
0120I00007,거창IC,0122,광주대구선,127.93511,35.67861
0120I00011,해인사IC,0122,광주대구선,128.17042,35.715219
0120I00012,고령IC,0122,광주대구선,128.25116,35.70172
0120I00015,가조IC,0122,광주대구선,128.022719,35.70254
0120I00018,함양IC,0122,광주대구선,127.74988,35.533791
0120I00019,현경IC,0122,광주대구선,126.430263,35.012558
0120I00027,담양IC,0122,광주대구선,126.980216,35.280431
0120I00031,동고령IC,0122,광주대구선,128.359007,35.754706
0120I00045,순창IC,0122,광주대구선,127.1363,35.3676
0120I00046,거창ICIC,0122,광주대구선,127.936357,35.679259
0120I00052,가조IC,0122,광주대구선,128.028347,35.703415
0120I00053,고령IC,0122,광주대구선,128.250907,35.702355
0120I00054,해인사IC,0122,광주대구선,128.185726,35.696935
0120J00014,옥포JCT,0122,광주대구선,128.464616,35.793662
0120J00028,고서JCT,0122,광주대구선,126.960941,35.225127
0120J00032,담양JCT,0122,광주대구선,126.96975,35.25194
0120J00043,고서JCT,0122,광주대구선,126.96073,35.22419
0120R00005,동남원IC,0122,광주대구선,127.47815,35.476479
1900003998,순창IC,0122,광주대구선,127.134272,35.364446
1900003999,지리산IC,0122,광주대구선,127.588563,35.485113
1900004001,남원IC,0122,광주대구선,127.397294,35.431793
1900004011,동남원IC,0122,광주대구선,127.479414,35.476428
1900004529,배내골나들목IC,0140,밀양울산선,129.006676,35.527982
1900004551,울주JCTJCT,0140,밀양울산선,129.256762,35.502711
1900004569,밀양JCT,0140,밀양울산선,128.796403,35.519366
1900004589,서울주JCTJCT,0140,밀양울산선,129.112288,35.513324
0150I00001,목포IC,0150,서해안선,126.425966,34.841913
0150I00002,일로IC,0150,서해안선,126.48122,34.857949
0150I00003,무안IC,0150,서해안선,126.49209,35.00768
0150I00004,함평IC,0150,서해안선,126.481619,35.09915
0150I00005,영광IC,0150,서해안선,126.55765,35.29894
0150I00006,고창IC,0150,서해안선,126.664976,35.440911
0150I00007,선운산IC,0150,서해안선,126.684341,35.508414
0150I00008,줄포IC,0150,서해안선,126.697816,35.595948
0150I00009,부안IC,0150,서해안선,126.775052,35.731603
0150I00010,서김제IC,0150,서해안선,126.840665,35.835575
0150I00011,동군산IC,0150,서해안선,126.835651,35.94703
0150I00012,군산IC,0150,서해안선,126.800791,36.01061
0150I00013,서천IC,0150,서해안선,126.690184,36.099759
0150I00014,춘장대IC,0150,서해안선,126.601782,36.169227
0150I00015,대천IC,0150,서해안선,126.576103,36.333293
0150I00016,광천IC,0150,서해안선,126.586451,36.496876
0150I00017,홍성IC,0150,서해안선,126.561726,36.592036
0150I00018,해미IC,0150,서해안선,126.564163,36.713818
0150I00019,서산IC,0150,서해안선,126.573123,36.80818
0150I00020,당진IC,0150,서해안선,126.710095,36.893758
0150I00021,송악IC,0150,서해안선,126.777242,36.931971
0150I00022,서평택IC,0150,서해안선,126.870408,37.000178
0150I00024,발안IC,0150,서해안선,126.883322,37.124645
0150I00025,비봉IC,0150,서해안선,126.883347,37.242385
0150I00026,매송IC,0150,서해안선,126.899805,37.279274
0150I00030,목감IC,0150,서해안선,126.873127,37.396386
0150I00032,금천IC,0150,서해안선,126.890704,37.46085
0150I00034,광명역IC,0150,서해안선,126.881624,37.404257
0150I00035,무창포IC,0150,서해안선,126.563063,36.238946
0150J00023,서평택JCT,0150,서해안선,126.890732,37.054984
0150J00027,팔곡JCT,0150,서해안선,126.895175,37.309577
0150J00028,안산JCT,0150,서해안선,126.86187,37.344985
0150J00029,조남JCT,0150,서해안선,126.870582,37.369791
0150J00031,일직JCT,0150,서해안선,126.895855,37.421973
0150J00036,당진JCJCT,0150,서해안선,126.61852,36.85111
0150J00037,동서천JCT,0150,서해안선,126.77249,36.058319
1900003993,일로IC,0150,서해안선,126.481798,34.857687
1900003994,무안IC,0150,서해안선,126.492844,35.008496
1900003995,함평IC,0150,서해안선,126.482258,35.100192
1900003996,영광IC,0150,서해안선,126.55981,35.300633
1900004754,불갑산하이패스IC,0150,서해안선,126.508155,35.240731
0010I00007,울산IC,0160,울산선,129.26033,35.55231
0160I00130,장검IC,0160,울산선,129.252337,35.556461
0160J00001,언양JCT,0160,울산선,129.1341,35.56465
0650J00028,울산JCT,0160,울산선,129.23971,35.5619
1900003810,울산IC,0160,울산선,129.261213,35.552181
0170I00014,어연IC,0171,평택화성선,126.989983,37.057822
0170J00015,서오산JCT,0171,평택화성선,126.99999,37.176902
1200I00007,정남IC,0171,평택화성선,126.972172,37.184785
4110I00001,향남IC,0171,평택화성선,127.002153,37.129666
4110I00002,봉담IC,0171,평택화성선,126.957968,37.229025
4110I00003,오성IC,0171,평택화성선,126.987115,37.016436
4110I00004,평택JCT,0171,평택화성선,126.970531,37.033277
0200I00017,완주IC,0205,완주장수선,127.151484,35.899702
0200I00018,소양IC,0205,완주장수선,127.236341,35.865398
0200I00019,진안IC,0205,완주장수선,127.443773,35.773136
0200I00020,장수IC,0205,완주장수선,127.59054,35.717237
0200I00021,소양IC,0205,완주장수선,127.23628,35.86447
0200J00016,익산JCT,0205,완주장수선,127.08967,35.942949
0200I00012,팔공산IC,0207,새만금포항선(대구~포항),128.6404,35.905812
0207I00001,청통와촌IC,0207,새만금포항선(대구~포항),128.831368,35.9711
0207I00002,북영천IC,0207,새만금포항선(대구~포항),128.914928,36.033671
0207I00003,서포항IC,0207,새만금포항선(대구~포항),129.220141,36.072454
0207I00005,학전IC,0207,새만금포항선(대구~포항),129.306432,36.04575
0207J00004,도동JCT,0207,새만금포항선(대구~포항),128.666744,35.9131
0207J00079,포항IC,0207,새만금포항선(대구~포항),129.319283,36.042162
0250I00001,승주IC,0250,"논산천안선,호남선",127.373319,35.015398
0250I00002,주암IC,0250,"논산천안선,호남선",127.271957,35.067676
0250I00003,석곡IC,0250,"논산천안선,호남선",127.247905,35.128195
0250I00004,곡성IC,0250,"논산천안선,호남선",127.22277,35.227088
0250I00005,옥과IC,0250,"논산천안선,호남선",127.115462,35.259558
0250I00006,창평IC,0250,"논산천안선,호남선",127.001898,35.234082
0250I00008,동광주IC,0250,"논산천안선,호남선",126.928936,35.184196
0250I00009,용봉IC,0250,"논산천안선,호남선",126.897974,35.184854
0250I00010,서광주IC,0250,"논산천안선,호남선",126.88322,35.185908
0250I00011,광산IC,0250,"논산천안선,호남선",126.829558,35.217228
0250I00012,장성IC,0250,"논산천안선,호남선",126.789396,35.285572
0250I00013,백양사IC,0250,"논산천안선,호남선",126.804569,35.427893
0250I00014,내장산IC,0250,"논산천안선,호남선",126.80203,35.509389
0250I00015,정읍IC,0250,"논산천안선,호남선",126.83311,35.58077
0250I00016,태인IC,0250,"논산천안선,호남선",126.928297,35.660241
0250I00017,금산사IC,0250,"논산천안선,호남선",126.98913,35.73676
0250I00018,김제IC,0250,"논산천안선,호남선",127.00253,35.7758
0250I00019,서전주IC,0250,"논산천안선,호남선",127.03396,35.82747
0250I00020,전주IC,0250,"논산천안선,호남선",127.05534,35.87845
0250I00021,삼례IC,0250,"논산천안선,호남선",127.0789,35.92488
0250I00022,익산IC,0250,"논산천안선,호남선",127.115648,35.991932
0250I00027,동림IC,0250,"논산천안선,호남선",126.865562,35.19464
0250I00131,문흥IC,0250,"논산천안선,호남선",126.935694,35.192567
0250I00132,문흥나들목IC,0250,"논산천안선,호남선",126.937353,35.192429
0250J00007,고서JCT,0250,"논산천안선,호남선",126.96055,35.22423
0250J00023,논산JCT,0250,"논산천안선,호남선",127.10261,36.08186
0250J00024,장성JCT,0250,"논산천안선,호남선",126.80451,35.32995
0250J00026,산월JCT,0250,"논산천안선,호남선",126.842161,35.203327
0250J00028,대덕JCT,0250,"논산천안선,호남선",127.03542,35.246539
0250J00029,익산JCT,0250,"논산천안선,호남선",127.093355,35.942783
0250J00129,문흥JCT,0250,"논산천안선,호남선",126.93059,35.194085
1900004002,삼례IC,0250,"논산천안선,호남선",127.080473,35.925543
1900004003,전주IC,0250,"논산천안선,호남선",127.057058,35.879543
1900004005,김제IC,0250,"논산천안선,호남선",127.003317,35.77473
1900004006,금산사IC,0250,"논산천안선,호남선",126.990262,35.735972
1900004008,서전주IC,0250,"논산천안선,호남선",127.03593,35.828165
1900004009,정읍IC,0250,"논산천안선,호남선",126.83584,35.580346
1900004010,내장산IC,0250,"논산천안선,호남선",126.803258,35.509867
0270I00016,죽림ICIC,0270,순천완주선,126.463619,34.843253
0270I00068,동전주IC,0270,순천완주선,127.191059,35.847334
0270I00069,상관IC,0270,순천완주선,127.219857,35.759052
0270I00071,오수IC,0270,순천완주선,127.321861,35.552347
0270I00072,임실IC,0270,순천완주선,127.316656,35.631977
0270I00074,서남원IC,0270,순천완주선,127.339514,35.361444
0270I00075,구례화엄사IC,0270,순천완주선,127.420695,35.250065
0270I00076,황전IC,0270,순천완주선,127.458033,35.146801
0270I00078,동순천IC,0270,순천완주선,127.554626,34.948932
0270I00081,북남원IC,0270,순천완주선,127.313825,35.439432
0270J00070,완주JCT,0270,순천완주선,127.173058,35.884309
0270J00073,남원분기JCT,0270,순천완주선,127.308101,35.407668
0270J00077,순천분기JCT,0270,순천완주선,127.539084,34.992674
1900004229,남구리IC,0291,구리포천선,127.139504,37.578299
0301I00001,동상주IC,0301,서산영덕선(상주영덕선),128.29656,36.375026
0301I00002,서의성IC,0301,서산영덕선(상주영덕선),128.410897,36.40011
0301I00003,북의성IC,0301,서산영덕선(상주영덕선),128.686711,36.417669
0301I00007,청송IC,0301,서산영덕선(상주영덕선),129.026638,36.456075
0301I00008,동청송영양IC,0301,서산영덕선(상주영덕선),129.123188,36.492909
0301I00009,영덕IC,0301,서산영덕선(상주영덕선),129.371255,36.386424
0301J00001,상주JCT,0301,서산영덕선(상주영덕선),128.275147,36.374984
0301J00002,안동JCT,0301,서산영덕선(상주영덕선),128.623547,36.434393
1900003273,동안동IC,0301,서산영덕선(상주영덕선),128.889329,36.437281
0300I00022,문의청남대IC,0303,서산영덕선(청주상주선),127.510351,36.529605
0300I00023,회인IC,0303,서산영덕선(청주상주선),127.609659,36.48692
0300I00024,보은IC,0303,서산영덕선(청주상주선),127.720516,36.457657
0300I00025,속리산IC,0303,서산영덕선(청주상주선),127.786515,36.454637
0300I00026,화서IC,0303,서산영덕선(청주상주선),127.964505,36.441627
0300I00027,남상주IC,0303,서산영덕선(청주상주선),128.140448,36.366729
0300J00021,청주JCT,0303,서산영덕선(청주상주선),127.431781,36.565818
0300J00028,낙동JCT,0303,서산영덕선(청주상주선),128.241633,36.366305
1900004245,속리산 하이패스IC,0303,서산영덕선(청주상주선),127.868678,36.448999
0300I00004,남세종IC,0305,서산영덕선(당진대전선),127.291267,36.425744
0300I00006,공주IC,0305,서산영덕선(당진대전선),127.124569,36.491792
0300I00009,면천IC,0305,서산영덕선(당진대전선),126.649183,36.822949
0300I00011,신양IC,0305,서산영덕선(당진대전선),126.869854,36.595236
0300I00018,서세종IC,0305,서산영덕선(당진대전선),127.197457,36.494414
0300I00019,유구IC,0305,서산영덕선(당진대전선),126.978133,36.564459
0300I00031,마곡사IC,0305,서산영덕선(당진대전선),127.025303,36.495362
0300I00034,고덕IC,0305,서산영덕선(당진대전선),126.706906,36.760421
0300J00010,당진JCJCT,0305,서산영덕선(당진대전선),126.621419,36.85056
0300J00012,유성JCT,0305,서산영덕선(당진대전선),127.342098,36.39022
0300J00032,공주JCT,0305,서산영덕선(당진대전선),127.094996,36.486641
0305I00002,예산수덕사IC,0305,서산영덕선(당진대전선),126.775526,36.678125
0305J00001,서공주JCT,0305,서산영덕선(당진대전선),127.06244,36.48562
1900004909,아산IC,0320,당진청주선,126.975896,36.82225
1900004989,천안JCTJCT,0320,당진청주선,127.174464,36.768313
1900005092,아산현충사IC,0320,당진청주선,127.047675,36.788651
1900005109,서천안IC,0320,당진청주선,127.136094,36.762264
0350I00002,서진주IC,0350,"통영대전선,중부선",128.042222,35.182443
0350I00003,단성IC,0350,"통영대전선,중부선",127.954897,35.289761
0350I00004,산청IC,0350,"통영대전선,중부선",127.860862,35.428418
0350I00005,생초IC,0350,"통영대전선,중부선",127.826893,35.482157
0350I00007,지곡IC,0350,"통영대전선,중부선",127.772109,35.587679
0350I00008,서상IC,0350,"통영대전선,중부선",127.674993,35.666208
0350I00010,덕유산IC,0350,"통영대전선,중부선",127.647145,35.840986
0350I00011,무주IC,0350,"통영대전선,중부선",127.646327,35.978249
0350I00012,금산IC,0350,"통영대전선,중부선",127.52156,36.103418
0350I00013,추부IC,0350,"통영대전선,중부선",127.486526,36.19235
0350I00014,남대전IC,0350,"통영대전선,중부선",127.476135,36.264339
0350I00016,판암IC,0350,"통영대전선,중부선",127.474592,36.317454
0350I00018,서청주IC,0350,"통영대전선,중부선",127.423502,36.652243
0350I00019,오창IC,0350,"통영대전선,중부선",127.444162,36.715027
0350I00020,증평IC,0350,"통영대전선,중부선",127.504096,36.772399
0350I00021,진천IC,0350,"통영대전선,중부선",127.476801,36.869841
0350I00022,대소IC,0350,"통영대전선,중부선",127.47315,36.982199
0350I00026,서이천IC,0350,"통영대전선,중부선",127.393776,37.276776
0350I00027,곤지암IC,0350,"통영대전선,중부선",127.322476,37.351717
0350I00028,경기광주IC,0350,"통영대전선,중부선",127.2737,37.448966
0350I00030,하남IC,0350,"통영대전선,중부선",127.222228,37.527173
0350I00032,연화산IC,0350,"통영대전선,중부선",128.193103,35.082529
0350I00033,동고성IC,0350,"통영대전선,중부선",128.385357,34.973234
0350I00034,통영IC,0350,"통영대전선,중부선",128.445416,34.867782
0350I00035,북통영IC,0350,"통영대전선,중부선",128.414397,34.890324
0350I00036,고성IC,0350,"통영대전선,중부선",128.350826,35.008696
0350I00038,일죽IC,0350,"통영대전선,중부선",127.452413,37.091614
0350I00107,남이천IC,0350,"통영대전선,중부선",127.44317,37.185303
0350J00001,진주JCT,0350,"통영대전선,중부선",128.09707,35.13842
0350J00006,함양JCT,0350,"통영대전선,중부선",127.769543,35.536849
0350J00009,장수JCT,0350,"통영대전선,중부선",127.607867,35.731542
0400J00019,대소JCT,0350,"통영대전선,중부선",127.47294,36.940909
1900003610,마장JCT,0350,"통영대전선,중부선",127.412277,37.258652
1900003611,하남JCT,0350,"통영대전선,중부선",127.197131,37.530407
1900003612,호법JCT,0350,"통영대전선,중부선",127.428677,37.236563
1900003613,산곡JCT,0350,"통영대전선,중부선",127.243749,37.480623
1900003834,경기광주JCT,0350,"통영대전선,중부선",127.317641,37.374451
1900003889,진주JCT,0350,"통영대전선,중부선",128.10039,35.139247
3000J00005,서대전JCT,0350,"통영대전선,중부선",127.315156,36.294709
0370J00001,마장JCT,0370,제2중부선,127.411239,37.25846
0370J00002,산곡JCT,0370,제2중부선,127.24314,37.48055
1900004243,신둔(이천) 하이패스IC,0370,제2중부선,127.380747,37.29391
0400I00002,청북IC,0400,평택제천선,126.919096,37.047407
0400I00003,송탄IC,0400,평택제천선,127.109435,37.035184
0400I00005,서안성IC,0400,평택제천선,127.161887,37.033552
0400I00008,남안성IC,0400,평택제천선,127.246202,36.975677
0400I00018,북진천IC,0400,평택제천선,127.451719,36.946391
0400I00095,금왕꽃동네IC,0400,평택제천선,127.553091,36.955898
0400I00096,음성IC,0400,평택제천선,127.620388,36.989132
0400I00098,서충주IC,0400,평택제천선,127.670975,37.01097
0400I00102,동충주IC,0400,평택제천선,127.920945,37.063064
0400J00001,서평택JCT,0400,평택제천선,126.88857,37.054269
0400J00004,안성JCT,0400,평택제천선,127.13892,37.035979
0400J00020,평택JCT,0400,평택제천선,126.97157,37.0315
0400J00097,대소JCT,0400,평택제천선,127.47378,36.943056
0400J00100,노은JCT,0400,평택제천선,127.804598,37.036108
0400J00102,제천JCT,0400,평택제천선,128.173935,37.082353
1900003789,평택고덕IC,0400,평택제천선,127.035171,37.026835
0100J00021,내서JCT,0450,중부내륙선,128.517887,35.258652
0400J00099,충주JCT,0450,중부내륙선,127.740369,37.040326
0450I00003,칠서IC,0450,중부내륙선,128.506037,35.329457
0450I00004,남지IC,0450,중부내륙선,128.483547,35.399817
0450I00005,영산IC,0450,중부내륙선,128.513091,35.455208
0450I00006,창녕IC,0450,중부내륙선,128.477572,35.544467
0450I00008,선산IC,0450,중부내륙선,128.26293,36.240311
0450I00009,상주IC,0450,중부내륙선,128.215714,36.422457
0450I00010,충주IC,0450,중부내륙선,127.848511,36.980086
0450I00011,북충주IC,0450,중부내륙선,127.796956,37.038751
0450I00012,감곡IC,0450,중부내륙선,127.670597,37.125898
0450I00014,북상주IC,0450,중부내륙선,128.17195,36.530992
0450I00015,점촌함창IC,0450,중부내륙선,128.154422,36.584599
0450I00016,문경새재IC,0450,중부내륙선,128.112659,36.699033
0450I00017,연풍IC,0450,중부내륙선,127.993276,36.760442
0450I00018,괴산IC,0450,중부내륙선,127.922955,36.868984
0450I00024,남성주IC,0450,중부내륙선,128.325667,35.843467
0450I00026,성주IC,0450,중부내륙선,128.250299,35.920815
0450I00032,남김천IC,0450,중부내륙선,128.269594,36.058553
0450I00033,서여주IC,0450,중부내륙선,127.584096,37.305462
0450I00034,북여주IC,0450,중부내륙선,127.528452,37.372785
0450I00093,남여주IC,0450,중부내륙선,127.589034,37.253639
0450I00094,양평IC,0450,중부내륙선,127.449776,37.521443
0450I00108,칠원IC,0450,중부내륙선,128.51432,35.280663
0450J00001,내서JCT,0450,중부내륙선,128.51535,35.25887
0450J00002,칠원JCT,0450,중부내륙선,128.51049,35.283429
0450J00013,여주JCT,0450,중부내륙선,127.591773,37.233362
0450J00022,고령JCT,0450,중부내륙선,128.373011,35.759619
0450J00023,김천JCT,0450,중부내륙선,128.268615,36.16062
0450J00025,현풍JCT,0450,중부내륙선,128.436084,35.677202
1900004370,남양평IC,0450,중부내륙선,127.468327,37.483334
1900004517,충주하이패스IC,0450,중부내륙선,127.839742,37.019155
0500I00002,월곶JCT,0500,영동선,126.75291,37.389325
0500I00003,서안산IC,0500,영동선,126.80149,37.351479
0500I00004,안산IC,0500,영동선,126.83816,37.348
0500I00007,군포IC,0500,영동선,126.92257,37.32601
0500I00008,동군포IC,0500,영동선,126.93749,37.3288
0500I00009,부곡IC,0500,영동선,126.96076,37.323769
0500I00010,북수원IC,0500,영동선,126.99094,37.31859
0500I00011,동수원IC,0500,영동선,127.05024,37.29967
0500I00013,마성IC,0500,영동선,127.175468,37.283572
0500I00014,용인IC,0500,영동선,127.210854,37.257273
0500I00015,양지IC,0500,영동선,127.295604,37.238671
0500I00016,덕평IC,0500,영동선,127.365249,37.242153
0500I00018,이천IC,0500,영동선,127.497147,37.246055
0500I00020,여주IC,0500,영동선,127.65425,37.252144
0500I00021,문막IC,0500,영동선,127.82732,37.311143
0500I00023,원주IC,0500,영동선,127.95034,37.401755
0500I00024,새말IC,0500,영동선,128.068948,37.447493
0500I00025,둔내IC,0500,영동선,128.205279,37.49256
0500I00026,면온IC,0500,영동선,128.366235,37.56211
0500I00027,평창IC,0500,영동선,128.41384,37.59053
0500I00028,속사IC,0500,영동선,128.489659,37.63064
0500I00029,진부IC,0500,영동선,128.56248,37.65224
0500I00030,대관령IC,0500,영동선,128.695426,37.677862
0500J00001,서창JCT,0500,영동선,126.7384,37.432539
0500J00005,안산JCT,0500,영동선,126.86046,37.34404
0500J00012,신갈JCT,0500,영동선,127.10368,37.29
0500J00017,호법JCT,0500,영동선,127.42672,37.23581
0500J00019,여주JCT,0500,영동선,127.59021,37.23206
0500J00031,둔대JCT,0500,영동선,126.90557,37.32313
1900003271,동둔내(삽교)하이패스IC,0500,영동선,128.27505,37.52334
1900003453,둔내IC,0500,영동선,128.207676,37.492672
1900003629,마성IC,0500,영동선,127.177364,37.284006
1900003890,서창JCT,0500,영동선,126.740909,37.434495
1900003891,안산IC,0500,영동선,126.840872,37.347386
1900003892,서안산IC,0500,영동선,126.805106,37.351873
1900003893,군자JCT,0500,영동선,126.769679,37.363517
1900003894,군포IC,0500,영동선,126.921429,37.3272
1900003896,동수원IC,0500,영동선,127.050798,37.300643
1900003897,북수원IC,0500,영동선,126.992091,37.318779
1900003898,부곡IC,0500,영동선,126.961911,37.323856
1900003899,동군포IC,0500,영동선,126.937307,37.329713
1900004349,평창IC,0500,영동선,128.414764,37.590173
1900004350,속사IC,0500,영동선,128.490321,37.629962
1900004351,진부IC,0500,영동선,128.563189,37.651623
0100J00030,대저JCT,0550,중앙선,128.97428,35.219217
0550I00002,칠곡IC,0550,중앙선,128.537107,35.936316
0550I00003,다부IC,0550,중앙선,128.518303,36.047081
0550I00004,가산IC,0550,중앙선,128.535221,36.097527
0550I00005,군위IC,0550,중앙선,128.560251,36.198102
0550I00006,의성IC,0550,중앙선,128.582776,36.291267
0550I00007,남안동IC,0550,중앙선,128.622803,36.473787
0550I00008,서안동IC,0550,중앙선,128.629156,36.589568
0550I00009,예천IC,0550,중앙선,128.543859,36.668
0550I00010,영주IC,0550,중앙선,128.572839,36.768053
0550I00011,풍기IC,0550,중앙선,128.53249,36.85323
0550I00012,단양IC,0550,중앙선,128.363919,36.9167
0550I00013,북단양IC,0550,중앙선,128.290003,37.014683
0550I00014,남제천IC,0550,중앙선,128.184992,37.076022
0550I00015,제천IC,0550,중앙선,128.142716,37.134873
0550I00016,신림IC,0550,중앙선,128.089289,37.224818
0550I00017,남원주IC,0550,중앙선,127.931398,37.325278
0550I00019,북원주IC,0550,중앙선,127.923124,37.420587
0550I00020,횡성IC,0550,중앙선,127.969949,37.504963
0550I00021,홍천IC,0550,중앙선,127.855957,37.677906
0550I00022,춘천IC,0550,중앙선,127.76662,37.8423
0550J00018,만종JCT,0550,중앙선,127.905466,37.364098
0550J00023,대동JCT,0550,중앙선,128.986032,35.284268
1900004249,북원주IC,0550,중앙선,127.923377,37.419109
1900004250,횡성IC,0550,중앙선,127.971366,37.504272
1900004251,홍천IC,0550,중앙선,127.857815,37.678554
1900004252,춘천IC,0550,중앙선,127.768387,37.842355
4510J00008,금호JCT,0550,중앙선,128.526603,35.894279
0010J00064,춘천JCT,0600,서울양양선,127.790557,37.751733
0600I00002,동홍천IC,0600,서울양양선,127.964457,37.758545
0600I00003,덕소삼패IC,0600,서울양양선,127.214237,37.594811
0600I00004,화도IC,0600,서울양양선,127.312813,37.632498
0600I00005,서종IC,0600,서울양양선,127.370279,37.635152
0600I00006,설악IC,0600,서울양양선,127.496499,37.669807
0600I00008,강촌IC,0600,서울양양선,127.624887,37.733733
0600I00009,남춘천IC,0600,서울양양선,127.727131,37.752069
0600I00010,조양IC,0600,서울양양선,127.780939,37.758587
0600I00011,동홍천IC,0600,서울양양선,127.966788,37.759504
0600I00012,미사IC,0600,서울양양선,127.192074,37.581497
0600I00013,선동IC,0600,서울양양선,127.177507,37.577939
0600I00014,강일IC,0600,서울양양선,127.168218,37.573519
0600I00015,내촌IC,0600,서울양양선,128.14162,37.790065
0600I00016,내촌ICIC,0600,서울양양선,128.140784,37.789438
0600I00017,인제IC,0600,서울양양선,128.28704,37.91271
0600I00018,서양양IC,0600,서울양양선,128.534313,37.995704
0650I00012,강릉IC,0650,동해선,128.840468,37.750786
0650I00015,남양양IC,0650,동해선,128.79144,37.914604
0650I00016,망상IC,0650,동해선,129.093628,37.585212
0650I00017,옥계IC,0650,동해선,129.038909,37.620422
0650I00018,북강릉IC,0650,동해선,128.815614,37.834382
0650I00019,동해IC,0650,동해선,129.096938,37.514019
0650I00020,남강릉IC,0650,동해선,128.893478,37.69405
0650I00032,하조대IC,0650,동해선,128.695966,38.025451
0650I00033,양양IC,0650,동해선,128.591905,38.07561
0650I00125,북양양IC,0650,동해선,128.587104,38.154438
0650I00126,속초IC,0650,동해선,128.524298,38.200602
0650I00127,북양양IC,0650,동해선,128.585739,38.154576
0650I00128,속초ICIC,0650,동해선,128.524995,38.201906
0650I00133,근덕IC,0650,동해선,129.206652,37.391937
0650I00134,삼척IC,0650,동해선,129.130316,37.451892
0650J00014,강릉JCT,0650,동해선,128.835659,37.773081
0650J00127,양양JCT,0650,동해선,128.602558,38.067097
0650I00021,기장.일광IC,0655,부산포항선,129.229485,35.276914
0650I00022,온양IC,0655,부산포항선,129.261403,35.412461
0650I00023,청량IC,0655,부산포항선,129.283559,35.476825
0650I00024,해운대.송정IC,0655,부산포항선,129.206595,35.212028
0650I00026,문수IC,0655,부산포항선,129.25152,35.516648
0650I00027,장안IC,0655,부산포항선,129.236662,35.326325
0650I00029,시점IC,0655,부산포항선,129.17891,35.18064
0655I00110,범서IC,0655,부산포항선,129.285407,35.617014
0655I00111,남경주IC,0655,부산포항선,129.314798,35.730923
0655I00112,동경주IC,0655,부산포항선,129.426002,35.782829
0655I00113,남포항IC,0655,부산포항선,129.391971,35.946965
0655I00124,동부산IC,0655,부산포항선,129.203175,35.201723
0655J00109,울산JCT,0655,부산포항선,129.249089,35.559652
1000I00001,별내IC,1000,수도권제1순환선,127.11797,37.659375
1001I00002,성남IC,1000,수도권제1순환선,127.124254,37.428126
1001I00003,송파IC,1000,수도권제1순환선,127.128098,37.475024
1001I00004,서하남IC,1000,수도권제1순환선,127.151569,37.51234
1001I00006,상일IC,1000,수도권제1순환선,127.17949,37.54887
1001I00007,강일IC,1000,수도권제1순환선,127.16514,37.57334
1001I00008,토평IC,1000,수도권제1순환선,127.15696,37.58383
1001I00009,남양주IC,1000,수도권제1순환선,127.15386,37.601079
1001I00010,구리IC,1000,수도권제1순환선,127.14167,37.61539
1001I00011,퇴계원IC,1000,수도권제1순환선,127.134744,37.640141
1001J00001,판교JCT,1000,수도권제1순환선,127.097409,37.40513
1001J00005,하남JCT,1000,수도권제1순환선,127.19577,37.532
1003I00013,평촌IC,1000,수도권제1순환선,126.965242,37.382313
1003I00014,산본IC,1000,수도권제1순환선,126.930865,37.377091
1003I00017,시흥IC,1000,수도권제1순환선,126.79949,37.455728
1003I00018,장수IC,1000,수도권제1순환선,126.755651,37.465497
1003I00019,송내IC,1000,수도권제1순환선,126.747678,37.488217
1003I00020,중동IC,1000,수도권제1순환선,126.748989,37.507369
1003I00022,계양IC,1000,수도권제1순환선,126.7505,37.545429
1003I00024,김포IC,1000,수도권제1순환선,126.778369,37.597069
1003I00025,자유로IC,1000,수도권제1순환선,126.801858,37.618172
1003I00026,일산IC,1000,수도권제1순환선,126.805909,37.636223
1003J00012,학의JCT,1000,수도권제1순환선,127.002246,37.386199
1003J00015,조남JCT,1000,수도권제1순환선,126.86898,37.36879
1003J00016,안현JCT,1000,수도권제1순환선,126.819273,37.436724
1003J00021,서운JCT,1000,수도권제1순환선,126.756453,37.527571
1003J00023,노오지JCT,1000,수도권제1순환선,126.754246,37.571252
1900003869,도리분기점JCT,1000,수도권제1순환선,126.849803,37.395742
1900003910,서하남IC,1000,수도권제1순환선,127.153415,37.511827
1900003911,송파IC,1000,수도권제1순환선,127.129877,37.474394
1900003912,상일IC,1000,수도권제1순환선,127.180297,37.550273
1900003914,토평IC,1000,수도권제1순환선,127.158009,37.583731
1900003915,남양주IC,1000,수도권제1순환선,127.154776,37.60134
1900003916,구리IC,1000,수도권제1순환선,127.143447,37.614695
0100I00022,서마산IC,1020,남해제1지선,128.56207,35.23508
0100I00023,동마산IC,1020,남해제1지선,128.596884,35.251132
1020J00001,산인JCT,1020,남해제1지선,128.477507,35.272769
1020J00004,창원JCT,1020,남해제1지선,128.641812,35.27578
1900003970,서마산IC,1020,남해제1지선,128.56364,35.234966
1040I00002,장유IC,1040,남해제2지선,128.80913,35.19817
1040I00003,가락IC,1040,남해제2지선,128.89414,35.16836
1040I00004,서부산IC,1040,남해제2지선,128.9506,35.15545
1040I00005,가락IC,1040,남해제2지선,128.893979,35.16448
1040I00006,서부산ICIC,1040,남해제2지선,128.951401,35.154669
1040I00007,장유IC,1040,남해제2지선,128.810968,35.197427
1040J00001,냉정JCT,1040,남해제2지선,128.793129,35.2195
1100I00001,남동IC,1101,제2경인선(인천안양),126.71225,37.4338
1100I00003,신천IC,1101,제2경인선(인천안양),126.783543,37.431183
1100I00005,광명IC,1101,제2경인선(인천안양),126.852205,37.440653
1100I00007,석수IC,1101,제2경인선(인천안양),126.906874,37.425084
1100I00008,문학IC,1101,제2경인선(인천안양),126.676913,37.4368
1100I00009,영종IC,1101,제2경인선(인천안양),126.508455,37.475987
1100J00002,서창JCT,1101,제2경인선(인천안양),126.73851,37.43291
1100J00004,안현JCT,1101,제2경인선(인천안양),126.81658,37.437329
1100J00006,일직JCT,1101,제2경인선(인천안양),126.89492,37.423809
1100J00010,공항신도시JCT,1101,제2경인선(인천안양),126.491849,37.485697
1900003870,학익JCT,1101,제2경인선(인천안양),126.65046,37.437886
1900003871,남동IC,1101,제2경인선(인천안양),126.714689,37.43515
1200I00001,도화IC,1200,경인선,126.672625,37.462061
1200I00002,가좌IC,1200,경인선,126.675401,37.484929
1200I00003,서인천IC,1200,경인선,126.681272,37.520857
1200I00004,부평IC,1200,경인선,126.72298,37.524491
1200I00006,부천IC,1200,경인선,126.778256,37.524907
1200J00005,서운JCT,1200,경인선,126.7574,37.52411
0170I00003,부여IC,1510,서천공주선,126.85436,36.298451
0170I00009,서공주ICIC,1510,서천공주선,127.060761,36.456092
0170I00010,칠갑산IC,1510,서천공주선,126.95335,36.37441
0170I00011,서부여IC,1510,서천공주선,126.791342,36.240238
0170I00012,동서천IC,1510,서천공주선,126.783559,36.043655
0170J00008,서공주JCT,1510,서천공주선,127.064059,36.484395
0170J00013,동서천JCTJCT,1510,서천공주선,126.774982,36.060117
0010I00065,안녕IC,1711,오산화성선,127.014987,37.196926
0350J00015,서대전JCT,2510,호남선의 지선,127.316842,36.295179
1900003969,양촌IC,2510,호남선의 지선,127.218341,36.158575
2510I00001,논산IC,2510,호남선의 지선,127.134867,36.121308
2510I00002,계룡IC,2510,호남선의 지선,127.281775,36.25179
2510I00004,유성IC,2510,호남선의 지선,127.332729,36.363582
2510I00005,북대전IC,2510,호남선의 지선,127.381929,36.412675
2510J00006,논산JCT,2510,호남선의 지선,127.103715,36.081785
0140I00005,북광주IC,2530,고창담양선,126.894777,35.262029
0140I00006,장성물류IC,2530,고창담양선,126.76409,35.351076
0140I00009,남고창IC,2530,고창담양선,126.680174,35.401166
0140J00001,고창JCT,2530,고창담양선,126.654894,35.417212
0140J00002,담양JCT,2530,고창담양선,126.971447,35.253569
0140J00003,대덕JCT,2530,고창담양선,127.034483,35.247209
0140J00004,장성JCT,2530,고창담양선,126.80452,35.32996
0140J00007,장성JCT,2530,고창담양선,126.806887,35.329854
1900003713,산내JCT,3000,대전남부순환선,127.45323,36.282052
3000I00002,서대전IC,3000,대전남부순환선,127.32742,36.291709
3000I00003,안영IC,3000,대전남부순환선,127.379291,36.284701
3000I00128,서대전IC,3000,대전남부순환선,127.329733,36.292944
3000J00004,산내JCT,3000,대전남부순환선,127.44862,36.28207
4000I00004,북오산IC,4000,수도권제2순환선,127.059048,37.182843
4000J00003,동탄JCT,4000,수도권제2순환선,127.098181,37.178225
1900003529,유천IC,4510,중부내륙선의 지선,128.505676,35.81398
1900004189,북현풍 하이패스IC,4510,중부내륙선의 지선,128.436309,35.70372
4510I00001,현풍IC,4510,중부내륙선의 지선,128.440289,35.672377
4510I00002,달성IC,4510,중부내륙선의 지선,128.475923,35.768287
4510I00005,남대구IC,4510,중부내륙선의 지선,128.528911,35.837951
4510I00006,성서IC,4510,중부내륙선의 지선,128.523674,35.850379
4510I00007,서대구IC,4510,중부내륙선의 지선,128.532898,35.876976
4510I00009,화원IC,4510,중부내륙선의 지선,128.480078,35.801333
1900004949,남광산나들목IC,5000,광주외곽순환선,126.746154,35.182058
1900004969,남장성나들목IC,5000,광주외곽순환선,126.791861,35.225736
1900004971,남장성분기점JCT,5000,광주외곽순환선,126.797976,35.259769
5510I00001,물금IC,5510,중앙선의 지선,129.012692,35.307105
5510I00002,남양산IC,5510,중앙선의 지선,129.027782,35.325967
5510I00003,삼락IC,5510,중앙선의 지선,128.983472,35.193304
5510J00104,김해JCT,5510,중앙선의 지선,128.919997,35.224933
1900003278,광재IC,6000,부산외곽순환선,128.896381,35.306007
1900003279,대감JCT,6000,부산외곽순환선,128.985138,35.271282
1900003281,진영IC,6000,부산외곽순환선,128.768489,35.299178
1900003282,한림IC,6000,부산외곽순환선,128.811787,35.295885
1900003289,노포JCT,6000,부산외곽순환선,129.094741,35.291384
1900003290,금정IC,6000,부산외곽순환선,129.113324,35.284043
1900003291,기장철마IC,6000,부산외곽순환선,129.152482,35.285016
1900003292,기장JCT,6000,부산외곽순환선,129.222103,35.282105
1900003293,김해가야하이패스IC,6000,부산외곽순환선,129.002445,35.268353
1900003455,진영JCT,6000,부산외곽순환선,128.721242,35.280259
1900003569,김해금관가야IC,6000,부산외곽순환선,129.002479,35.270519
7000I90001,달서IC,7000,대구외곽순환선,128.488004,35.830644
7000I90002,다사IC,7000,대구외곽순환선,128.47052,35.854613
7000I90003,북다사IC,7000,대구외곽순환선,128.466111,35.886576
7000I90006,동명동호IC,7000,대구외곽순환선,128.556975,35.960628
7000I90007,서변IC,7000,대구외곽순환선,128.599329,35.933745
7000I90008,파군재IC,7000,대구외곽순환선,128.639811,35.937588
7000I90009,둔산IC,7000,대구외곽순환선,128.690705,35.901807
7000I90010,지천IC,7000,대구외곽순환선,128.53294,35.934495
7000J90004,칠곡JCT,7000,대구외곽순환선,128.492246,35.90868
7000J90005,상매JCT,7000,대구외곽순환선,128.702709,35.891563
